<?xml version="1.0" encoding="UTF-8"?>
<GenRun Id="impl_1" LaunchPart="xc7a35tcpg236-3" LaunchTime="1521328502">
  <File Type="PWROPT-DCP" Name="VGA_Accelerometer_pwropt.dcp"/>
  <File Type="RUN-CONSTRS" Name="$PDATADIR/runs/impl_1/constrs_in.xml"/>
  <File Type="PLACE-DCP" Name="VGA_Accelerometer_placed.dcp"/>
  <File Type="RUN-SRCS" Name="$PDATADIR/runs/impl_1/sources.xml"/>
  <File Type="PWROPT-DRC" Name="VGA_Accelerometer_drc_pwropted.rpt"/>
  <File Type="ROUTE-TIMINGSUMMARY" Name="VGA_Accelerometer_timing_summary_routed.rpt"/>
  <File Type="PA-TCL" Name="VGA_Accelerometer.tcl"/>
  <File Type="RUN-STRAT" Name="$PDATADIR/runs/impl_1/impl_1.psg"/>
  <File Type="OPT-DCP" Name="VGA_Accelerometer_opt.dcp"/>
  <File Type="OPT-DRC" Name="VGA_Accelerometer_drc_opted.rpt"/>
  <File Type="PLACE-IO" Name="VGA_Accelerometer_io_placed.rpt"/>
  <File Type="PLACE-CLK" Name="VGA_Accelerometer_clock_utilization_placed.rpt"/>
  <File Type="PLACE-UTIL" Name="VGA_Accelerometer_utilization_placed.rpt"/>
  <File Type="PLACE-UTIL-PB" Name="VGA_Accelerometer_utilization_placed.pb"/>
  <File Type="PLACE-CTRL" Name="VGA_Accelerometer_control_sets_placed.rpt"/>
  <File Type="PLACE-SIMILARITY" Name="VGA_Accelerometer_incremental_reuse_placed.rpt"/>
  <File Type="PLACE-PRE-SIMILARITY" Name="VGA_Accelerometer_incremental_reuse_pre_placed.rpt"/>
  <File Type="POSTPLACE-PWROPT-DCP" Name="VGA_Accelerometer_postplace_pwropt.dcp"/>
  <File Type="PHYSOPT-DCP" Name="VGA_Accelerometer_physopt.dcp"/>
  <File Type="PHYSOPT-DRC" Name="VGA_Accelerometer_drc_physopted.rpt"/>
  <File Type="ROUTE-DCP" Name="VGA_Accelerometer_routed.dcp"/>
  <File Type="ROUTE-DRC" Name="VGA_Accelerometer_drc_routed.rpt"/>
  <File Type="ROUTE-DRC-PB" Name="VGA_Accelerometer_drc_routed.pb"/>
  <File Type="ROUTE-PWR" Name="VGA_Accelerometer_power_routed.rpt"/>
  <File Type="ROUTE-PWR-SUM" Name="VGA_Accelerometer_power_summary_routed.pb"/>
  <File Type="ROUTE-STATUS" Name="VGA_Accelerometer_route_status.rpt"/>
  <File Type="ROUTE-STATUS-PB" Name="VGA_Accelerometer_route_status.pb"/>
  <File Type="ROUTE-TIMING-PB" Name="VGA_Accelerometer_timing_summary_routed.pb"/>
  <File Type="ROUTE-TIMING-RPX" Name="VGA_Accelerometer_timing_summary_routed.rpx"/>
  <File Type="ROUTE-SIMILARITY" Name="VGA_Accelerometer_incremental_reuse_routed.rpt"/>
  <File Type="POSTROUTE-PHYSOPT-DCP" Name="VGA_Accelerometer_postroute_physopt.dcp"/>
  <File Type="RDI-RDI" Name="VGA_Accelerometer.vdi"/>
  <File Type="POSTROUTE-PHYSOPT-TIMING" Name="VGA_Accelerometer_timing_summary_postroute_physopted.rpt"/>
  <File Type="POSTROUTE-PHYSOPT-TIMING-PB" Name="VGA_Accelerometer_timing_summary_postroute_physopted.pb"/>
  <File Type="POSTROUTE-PHYSOPT-TIMING-RPX" Name="VGA_Accelerometer_timing_summary_postroute_physopted.rpx"/>
  <File Type="BG-BIT" Name="VGA_Accelerometer.bit"/>
  <File Type="BG-BIN" Name="VGA_Accelerometer.bin"/>
  <File Type="BITSTR-MSK" Name="VGA_Accelerometer.msk"/>
  <File Type="BITSTR-RBT" Name="VGA_Accelerometer.rbt"/>
  <File Type="BITSTR-NKY" Name="VGA_Accelerometer.nky"/>
  <File Type="BITSTR-BMM" Name="VGA_Accelerometer_bd.bmm"/>
  <File Type="BITSTR-MMI" Name="VGA_Accelerometer.mmi"/>
  <File Type="BITSTR-SYSDEF" Name="VGA_Accelerometer.sysdef"/>
  <File Type="BG-BGN" Name="VGA_Accelerometer.bgn"/>
  <File Type="BG-DRC" Name="VGA_Accelerometer.drc"/>
  <File Type="WBT-USG" Name="usage_statistics_webtalk.html"/>
  <FileSet Name="sources" Type="DesignSrcs" RelSrcDir="$PSRCDIR/sources_1">
    <Filter Type="Srcs"/>
    <File Path="$PSRCDIR/sources_1/new/SPI_If.vhd">
      <FileInfo>
        <Attr Name="UsedIn" Val="synthesis"/>
        <Attr Name="UsedIn" Val="simulation"/>
      </FileInfo>
    </File>
    <File Path="$PSRCDIR/sources_1/new/VGA_Controller.vhd">
      <FileInfo>
        <Attr Name="UsedIn" Val="synthesis"/>
        <Attr Name="UsedIn" Val="simulation"/>
      </FileInfo>
    </File>
    <File Path="$PSRCDIR/sources_1/new/Image_Generator.vhd">
      <FileInfo>
        <Attr Name="UsedIn" Val="synthesis"/>
        <Attr Name="UsedIn" Val="simulation"/>
      </FileInfo>
    </File>
    <File Path="$PSRCDIR/sources_1/new/Blockram_Y.vhd">
      <FileInfo>
        <Attr Name="UsedIn" Val="synthesis"/>
        <Attr Name="UsedIn" Val="simulation"/>
      </FileInfo>
    </File>
    <File Path="$PSRCDIR/sources_1/new/Blockram_X.vhd">
      <FileInfo>
        <Attr Name="UsedIn" Val="synthesis"/>
        <Attr Name="UsedIn" Val="simulation"/>
      </FileInfo>
    </File>
    <File Path="$PSRCDIR/sources_1/new/ADXL362Ctrl.vhd">
      <FileInfo>
        <Attr Name="UsedIn" Val="synthesis"/>
        <Attr Name="UsedIn" Val="simulation"/>
      </FileInfo>
    </File>
    <File Path="$PSRCDIR/sources_1/new/Top_Module.vhd">
      <FileInfo>
        <Attr Name="UsedIn" Val="synthesis"/>
        <Attr Name="UsedIn" Val="simulation"/>
      </FileInfo>
    </File>
    <Config>
      <Option Name="DesignMode" Val="RTL"/>
      <Option Name="TopModule" Val="VGA_Accelerometer"/>
    </Config>
  </FileSet>
  <FileSet Name="constrs_in" Type="Constrs" RelSrcDir="$PSRCDIR/constrs_1">
    <Filter Type="Constrs"/>
    <File Path="$PSRCDIR/sources_1/new/Constrain.xdc">
      <FileInfo>
        <Attr Name="UsedIn" Val="synthesis"/>
        <Attr Name="UsedIn" Val="implementation"/>
      </FileInfo>
    </File>
    <Config>
      <Option Name="TargetConstrsFile" Val="$PSRCDIR/sources_1/new/Constrain.xdc"/>
      <Option Name="ConstrsType" Val="XDC"/>
    </Config>
  </FileSet>
  <Strategy Version="1" Minor="2">
    <StratHandle Name="Vivado Implementation Defaults" Flow="Vivado Implementation 2014"/>
    <Step Id="init_design"/>
    <Step Id="opt_design"/>
    <Step Id="power_opt_design"/>
    <Step Id="place_design"/>
    <Step Id="post_place_power_opt_design"/>
    <Step Id="phys_opt_design"/>
    <Step Id="route_design"/>
    <Step Id="post_route_phys_opt_design"/>
    <Step Id="write_bitstream"/>
  </Strategy>
  <BlockFileSet Type="BlockSrcs" Name="clk_wiz_0"/>
</GenRun>
